<?xml version="1.0" encoding="UTF-8"?>
<GenRun Id="impl_1" LaunchPart="xc7a100tcsg324-1" LaunchTime="1663954520">
  <File Type="PA-TCL" Name="p2.tcl"/>
  <File Type="BITSTR-BMM" Name="p2_bd.bmm"/>
  <File Type="REPORTS-TCL" Name="p2_reports.tcl"/>
  <File Type="OPT-DCP" Name="p2_opt.dcp"/>
  <File Type="OPT-HWDEF" Name="p2.hwdef"/>
  <File Type="BG-BGN" Name="p2.bgn"/>
  <File Type="PWROPT-DCP" Name="p2_pwropt.dcp"/>
  <File Type="PLACE-DCP" Name="p2_placed.dcp"/>
  <File Type="PLACE-PRE-SIMILARITY" Name="p2_incremental_reuse_pre_placed.rpt"/>
  <File Type="POSTPLACE-PWROPT-DCP" Name="p2_postplace_pwropt.dcp"/>
  <File Type="BG-BIN" Name="p2.bin"/>
  <File Type="PHYSOPT-DCP" Name="p2_physopt.dcp"/>
  <File Type="BITSTR-MSK" Name="p2.msk"/>
  <File Type="ROUTE-ERROR-DCP" Name="p2_routed_error.dcp"/>
  <File Type="ROUTE-DCP" Name="p2_routed.dcp"/>
  <File Type="ROUTE-BLACKBOX-DCP" Name="p2_routed_bb.dcp"/>
  <File Type="BITSTR-LTX" Name="p2.ltx"/>
  <File Type="BITSTR-MMI" Name="p2.mmi"/>
  <File Type="BITSTR-SYSDEF" Name="p2.sysdef"/>
  <File Type="ROUTE-TIMING-PB" Name="p2_timing_summary_routed.pb"/>
  <File Type="RDI-RDI" Name="p2.vdi"/>
  <File Type="POSTROUTE-PHYSOPT-DCP" Name="p2_postroute_physopt.dcp"/>
  <File Type="POSTROUTE-PHYSOPT-BLACKBOX-DCP" Name="p2_postroute_physopt_bb.dcp"/>
  <File Type="BG-BIT" Name="p2.bit"/>
  <File Type="BITSTR-RBT" Name="p2.rbt"/>
  <File Type="BITSTR-NKY" Name="p2.nky"/>
  <File Type="BG-DRC" Name="p2.drc"/>
  <File Type="WBT-USG" Name="usage_statistics_webtalk.html"/>
  <FileSet Name="sources" Type="DesignSrcs" RelSrcDir="$PSRCDIR/sources_1">
    <Filter Type="Srcs"/>
    <File Path="$PSRCDIR/sources_1/new/p2.v">
      <FileInfo>
        <Attr Name="UsedIn" Val="synthesis"/>
        <Attr Name="UsedIn" Val="implementation"/>
        <Attr Name="UsedIn" Val="simulation"/>
      </FileInfo>
    </File>
    <Config>
      <Option Name="DesignMode" Val="RTL"/>
      <Option Name="TopModule" Val="p2"/>
      <Option Name="TopAutoSet" Val="TRUE"/>
    </Config>
  </FileSet>
  <FileSet Name="constrs_in" Type="Constrs" RelSrcDir="$PSRCDIR/constrs_1">
    <Filter Type="Constrs"/>
    <File Path="$PPRDIR/../Downloads/Nexys4DDR_Master.xdc">
      <FileInfo>
        <Attr Name="UsedIn" Val="synthesis"/>
        <Attr Name="UsedIn" Val="implementation"/>
      </FileInfo>
    </File>
    <Config>
      <Option Name="TargetConstrsFile" Val="$PPRDIR/../Downloads/Nexys4DDR_Master.xdc"/>
      <Option Name="ConstrsType" Val="XDC"/>
    </Config>
  </FileSet>
  <FileSet Name="utils" Type="Utils" RelSrcDir="$PSRCDIR/utils_1">
    <Filter Type="Utils"/>
    <Config>
      <Option Name="TopAutoSet" Val="TRUE"/>
    </Config>
  </FileSet>
  <Strategy Version="1" Minor="2">
    <StratHandle Name="Vivado Implementation Defaults" Flow="Vivado Implementation 2019"/>
    <Step Id="init_design"/>
    <Step Id="opt_design"/>
    <Step Id="power_opt_design"/>
    <Step Id="place_design"/>
    <Step Id="post_place_power_opt_design"/>
    <Step Id="phys_opt_design"/>
    <Step Id="route_design"/>
    <Step Id="post_route_phys_opt_design"/>
    <Step Id="write_bitstream"/>
  </Strategy>
</GenRun>
